{"cameraMode":{"drawMode":0,"name":"Shaded","section":"Shading Mode"},"sceneLighting":false,"audioPlay":false,"sceneViewState":{"m_AlwaysRefresh":false,"showFog":true,"showSkybox":false,"showFlares":true,"showImageEffects":true,"showParticleSystems":true,"showVisualEffectGraphs":true,"m_FxEnabled":true},"in2DMode":false,"pivot":{"x":2.917501449584961,"y":4.003430366516113,"z":2.9050028324127199},"rotation":{"x":-0.35961639881134035,"y":0.03385854512453079,"z":-0.013059224933385849,"w":-0.9323975443840027},"size":6.6419267654418949,"orthographic":false}