{"cameraMode":{"drawMode":0,"name":"Shaded","section":"Shading Mode"},"sceneLighting":false,"audioPlay":false,"sceneViewState":{"m_AlwaysRefresh":false,"showFog":true,"showSkybox":false,"showFlares":true,"showImageEffects":true,"showParticleSystems":true,"showVisualEffectGraphs":true,"m_FxEnabled":true},"in2DMode":false,"pivot":{"x":-0.00007717311382293701,"y":4.000027179718018,"z":3.0000016689300539},"rotation":{"x":-0.20393827557563783,"y":0.5788424015045166,"z":-0.15238319337368012,"w":-0.7746990919113159},"size":5.832862854003906,"orthographic":false}